id,score,gen,ancestral,time alive,feeding,xi,yi,xfi,yfi
1606,703,4,861,1.4647448062896729,0,420,440,20,460
1182,4042746,5,1606,20.078269004821777,85,460,40,250,150