id,score,gen,ancestral,copy,time alive,feeding,xi,yi,xfi,yfi
1,0,1,358,True,0.8812305927276611,0,320,100,100,450
358,285390,0,-1,False,20.091837644577026,25,140,220,130,430