id,score,gen,ancestral,time alive,feeding,xi,yi,xfi,yfi
1,2145,0,-1,0.002899169921875,1,380,470,120,80
2,0,0,-1,0.0016276836395263672,0,300,90,350,170
