id,score,gen,ancestral,time alive,feeding,xi,yi,xfi,yfi
1,253,1,1,0.0017437934875488281,0,40,330,330,110
2,0,1,2,0.0012183189392089844,0,390,290,180,190
